1950,1951,1952,1953,1954,1955,1956,1957,1958,1959,1960,1961,1962,1963,1964,1965,1966,1967,1968,1969,1970,1971,1972,1973,1974,1975,1976,1977,1978,1979,1980,1981,1982,1983,1984,1985,1986,1987,1988,1989,1990,1991,1992,1993,1994,1995,1996,1997,1998,1999,2000,2001,2002,2003,2004,2005,2006,2007,2008,2009,2010,2011,2012,2013,2014,2015,2016,2017,Total
Afghanistan,,,,,,,,,,,,,,,,,,,,,,,,,,,,,,,,,,,,,,,,,,,,,,,,,,,,,,,,19,,22,78,280,245,520,410,144,69,94,72,250,2204
African Union**,,,,,,,,,,,,,,,,,,,,,,,,,,,,,,,,,,,,,,,,,,,,,,,,,,,,,,,,,,,,,,,,,,2,,,2
Albania,,,,,,,,,,,,,,,,,,,,,,,,,,,,,,,,,,,,,,,,,,,,,,,,,,,,,,,,,,,,,,,,,,,,0,0
Algeria,,,,,,,,,,,,,,2,,,,,,,,,,,,,,0,22,0,,114,84,200,170,15,,,,,29,,,,,6,3,,,,22,67,59,,,,,,,,11,11,,,,5,19,,838
Angola,,,,,,,,,,,,,,,,,,,,,,,,,,,,,,,,,,,,,,,5,,,,,,7,,,,,,,,,,,,,,,,,,,1,,,,,13
Anti-Castro rebels (Cuba)*,,,,,,,,,,,,2,,,,,,,,,,,,,,,,,,,,,,,,,,,,,,,,,,,,,,,,,,,,,,,,,,,,,,,,,2
Argentina,70,445,38,4,5,0,39,14,66,27,96,178,32,4,4,4,60,128,92,32,159,244,309,133,68,135,155,98,147,94,75,36,4,28,10,10,,8,4,4,14,,27,14,48,28,9,82,140,197,59,6,12,11,19,3,9,15,17,8,3,1,3,6,4,18,6,33,3851
Armas (Guatemala)*,,,,,8,,,,,,,,,,,,,,,,,,,,,,,,,,,,,,,,,,,,,,,,,,,,,,,,,,,,,,,,,,,,,,,,8
Australia,,21,100,,,10,60,75,190,213,52,38,198,24,45,588,383,433,123,347,189,239,17,620,797,43,28,122,779,141,341,315,63,489,556,508,664,565,698,629,299,94,328,449,254,38,45,35,18,286,194,87,106,165,114,101,348,574,320,610,1389,1004,589,148,326,853,869,1172,21516
Austria,,,,2,,,45,85,6,18,9,,36,180,,11,,,,,20,,,16,16,6,2,,8,23,23,,,105,,18,18,7,20,13,,,,,,,,34,36,,,,65,,,,,,,,,,,,,,,,818
Azerbaijan,,,,,,,,,,,,,,,,,,,,,,,,,,,,,,,,,,,,,,,,,,,,,,,,,,,,,,,,,,,,0,1,1,2,0,1,,,,4
Bahamas,,,,,,,,,,,,,,,,,,,,,,,,,,,,,,,,,,,,,,,,,2,3,,,,,,,,,33,,,,,3,,,,1,,,,,,,,,42
Bahrain,,,,,,,,,,,,,,,,,,,,,,,,0,1,,,,,,,,10,10,10,45,47,160,46,14,362,68,42,1,,53,45,198,4,,299,3,54,1,,63,3,26,2,,68,,,60,,15,,4,1711
Bangladesh,,,,,,,,,,,,,,,,,,,,,,,,,,,,22,,,,17,9,,,,,,11,,,18,25,,,9,,1,,,61,,,,,,,,,,,,,56,,54,,,283
Barbados,,,,,,,,,,,,,,,,,,,,,,,,,,,,,,,,,,,1,,,,,,,,,,,,,,,,,,,,,,,,,,,,,,,,,,1
Belgium,35,301,747,465,209,299,341,286,288,143,64,107,170,547,619,473,43,,,8,,,179,188,20,,40,37,33,476,286,503,422,583,575,287,91,91,407,203,313,115,14,12,12,5,3,18,26,48,18,18,45,21,9,3,3,4,6,12,3,2,6,2,2,7,4,3,10301
Belize,,,,,,,,,,,,,,,,,,,,,,,,,,,,,,,,,,,,,,,,,,,,,,,0,,,,,,,,,,,,,,,,,,,,,,0
Benin,,,,,,,,,,,,,,,,,,,,,0,,,,,,,,,,,,,,,,,,,,,,,,,,,,,,,,,,,,,,,,,,,,,,,,0
Biafra,,,,,,,,,,,,,,,,,,4,,,,,,,,,,,,,,,,,,,,,,,,,,,,,,,,,,,,,,,,,,,,,,,,,,,4
Bolivia,,6,,,2,,,,26,3,,4,2,4,2,1,1,14,13,1,2,1,13,10,2,18,16,1,4,1,1,5,1,,,6,6,,56,61,,11,9,13,9,,,,,9,18,,,,,,,,,,,1,1,1,6,,,,360
Bosnia-Herzegovina,,,,,,,,,,,,,,,,,,,,,,,,,,,,,,,,,,,,,,,,,,,,,,,46,25,,16,,,,,,,,,,,,,,,,,,,87
Botswana,,,,,,,,,,,,,,,,,,,,,,,,,,,,,,0,,,,,,,,10,17,4,10,,,1,,,,18,,,,15,,,,,,,,2,2,,,,,,,,80
Brazil,,259,,28,8,53,14,110,135,125,63,191,45,84,25,147,54,218,140,34,73,108,319,373,142,442,184,9,101,10,11,12,2,2,2,23,34,100,46,336,39,12,7,,37,,45,131,,11,22,111,70,8,20,18,18,19,33,0,24,84,111,69,17,37,31,12,5046
Brunei,,,,,,,,,,,,,,,,1,,,1,,5,10,,,14,,,,,,,1,12,26,,,13,,,,,,,,,,7,16,7,,,,,0,0,,,,,,,,,15,36,36,,,200
Bulgaria,,,,,,,,,,,,,,,,,,,,,,,,,,,,,,,,,,,,,,,,,,,,,,,,,,4,,,,,,,,3,5,,,3,,,,3,,,18
Burkina Faso,,,,,,,,,,,,,,,,,,,0,0,,,,,,,,,,,,,,,,,,,,,,,,,,,,,,,,,,,,,,,,,,,,,,,,,1
Burundi,,,,,,,,,,,,,,,,,,,,,,,,,,,,,,,,,,,,,,,,,,,,,,,,,,,,,,,,,,,,,,,,,,1,2,,3
Cambodia,,,,,,4,11,4,4,,,0,3,8,4,,9,2,,,6,21,99,122,23,,,,,,,,,,,,,,,,,,,,,,,,,,,,,,,,,,,,,,,,,,,,321
Cameroon,,,,,,,,,,,,,,1,,,,,,,,1,,,,,,56,,,,,29,1,17,,,,,3,3,,,,,,,,,,,,,,,,,,,,10,,,2,,1,0,,123
Canada,557,941,1008,1324,892,973,611,245,179,206,166,1571,1194,912,675,451,273,104,249,485,611,455,309,56,196,223,13,13,13,35,383,395,220,646,646,848,810,765,656,12,20,425,121,117,317,328,316,261,66,104,158,85,38,57,71,96,68,409,359,99,197,319,189,170,202,316,128,217,25571
Central African Republic,,,,,,,,,,,,,,,,,,,,,,,,,,,,,,,,,,,,,,,,,,,,,,,,,,,,,,,,,9,,,,,,,,,,,,9
Chad,,,,,,,,,,,,,,,,,,,,,,,,,,,,,,,,,,10,9,,14,3,9,57,,,,,,,,,,,,,,,,,1,,,,,,,,6,,,2,111
Chile,1,247,16,10,28,5,40,24,32,2,32,43,19,121,21,37,56,,15,8,62,42,43,66,118,183,207,0,13,5,11,2,23,3,12,4,6,7,9,13,8,12,69,26,18,32,10,6,17,13,19,14,,8,16,,254,81,,30,132,39,38,31,61,81,18,0,2615
China,,,,,,,,,,,,,,,,,,,,,,,,,,,,,,,,,,,59,98,,,16,,,,,0,35,2,2,,,,,,,,,,,,,,,,,,,,,,211
Colombia,3,4,12,12,31,13,14,15,24,10,5,62,3,20,6,18,32,15,32,119,3,26,18,55,,,10,8,12,36,4,28,18,49,102,7,6,3,35,109,7,52,15,53,42,35,37,105,84,44,60,272,124,96,,4,27,122,16,147,58,80,77,99,25,55,15,36,2763
Congo,,,,,,,,,,,,,,,,,,,,,,,,,,,,,,,,,,,,,,,,,,,,,,,,,,,,,,,,,,,,,1,,,,,,,,1
Contras (Nicaragua)*,,,,,,,,,,,,,,,,,,,,,,,,,,,,,,,,,,7,1,,5,14,,,,,,,,,,,,,,,,,,,,,,,,,,,,,,,28
Costa Rica,,,,,,3,,,,,,,,1,,,0,,,,,,,2,,3,,,6,,1,,,,,2,1,,,2,,,,,,,,,,,,,,,,,,,,,,,1,,1,,,,22
Cote d'Ivoire,,,,,,,,,,,,,,,,,,,,,,,,,,,,,,5,,,,,,,,,,,,,0,,,,,,,,,,,,,,,,,,,,,,,,,,5
Croatia,,,,,,,,,,,,,,,,,,,,,,,,,,,,,,,,,,,,,,,,,,,,,,,,7,,,,55,,,,,,,,,,,,,22,,22,,105
Cuba,,9,0,0,3,13,35,7,,1,,,,,,,,,,,,,,,,,,,,,,,,,,,,,,,,,,,,,,,,,,,,,,,,,,,,,,,,,,,68
Cyprus,,,,,,,,,,,,,,,,,,,,,,,,,,,,,,,,,,,,,,,,,8,,,,,,,5,,,,,,,,,,,,,,,,,,,,,13
Czech Republic,,,,,,,,,,,,,,,,,,,,,,,,,,,,,,,,,,,,,,,,,,,,,,,,,,,3,44,29,18,,40,0,,14,1,2,3,2,0,,0,,,156
Denmark,17,36,326,390,30,57,68,60,53,250,109,335,45,101,317,282,11,14,45,3,28,14,13,,39,89,41,42,142,57,399,433,441,218,59,77,,83,88,84,3,15,22,10,51,26,37,64,65,35,27,40,18,8,140,26,8,85,6,0,,,36,32,32,46,108,48,5884
Djibouti,,,,,,,,,,,,,,,,,,,,,,,,,,,,,,,,,,,,,,,,,,1,,,,,,,,,,,,,,,,,,,,,,,5,,1,,6
Dominican Republic,2,11,10,21,2,,1,1,2,4,16,11,,7,4,10,9,1,,,1,2,7,0,,2,12,,,,9,5,30,,25,0,,,2,,,,,,,,4,,6,,,5,0,8,35,,,,,,,,,,,1,0,,268
DR Congo,,,,,,,,,,,,9,5,28,77,25,16,16,7,,,72,,,,89,2,31,,,,,,,,,,18,,,,,,,,,,,,,,,,,,,,,,28,,,,,,,,,422
Ecuador,,,,11,,,6,,13,,66,,,3,3,29,9,21,5,1,5,2,,5,2,5,60,91,22,11,133,6,5,15,39,8,,18,17,4,3,21,,18,4,22,,43,6,,,,0,,,4,,,,1,10,,,,,,,,747
Egypt,24,,,,0,,,,,,,,,,,,,,,,,,,,,,56,112,9,339,414,890,1369,985,386,457,1043,1145,306,205,430,841,929,1007,1794,1644,769,895,458,456,823,809,477,345,500,590,455,396,263,82,249,160,177,494,182,593,256,189,24004
El Salvador,1,,,,1,,,17,,,,,,0,,1,1,0,20,8,9,1,,,10,14,10,8,1,1,6,5,32,11,60,44,5,,,,,21,4,,,4,4,,2,,,,19,10,,,,,,,,,2,,,,,,329
Equatorial Guinea,,,,,,,,,,,,,,,,,,,,,,,,,,,,,,,,,,,,,,,,,,,,,,,,,,,,,,,,,,1,,2,,,5,,10,,,,18
Estonia,,,,,,,,,,,,,,,,,,,,,,,,,,,,,,,,,,,,,,,,,,,,,,,,4,,,,,1,11,,,,,,,,,,,,2,2,2,21
Ethiopia,,,,6,,,1,15,23,6,17,3,16,27,4,12,97,25,33,1,66,45,5,5,16,51,108,22,,,,,,,,,,,,,,,,,,,,37,,,,,,,,,,,,,,,,,10,,,,649
Fiji,,,,,,,,,,,,,,,,,,,,,,,,,,8,4,,,,,,,,,,,,,,,,,,,,,,,,,,,,,,,,,,,,,,,,,,12
Finland,,,,,,,,3,,,,,,,,,,,,,,,,,3,6,,,,,,,16,1,2,,,,0,,,,36,36,,150,344,391,536,761,467,,5,,,,,,9,9,9,2,,75,44,98,106,53,3161
France,218,466,578,1060,1051,1086,1142,650,1051,795,470,318,136,63,1163,241,37,39,47,71,94,103,78,85,20,13,230,239,230,,,,,4,,,,84,117,87,26,817,314,18,5,5,3,82,139,93,70,66,20,17,78,2,2,,2,,51,23,39,55,17,17,32,52,14105
Gabon,,,,,,,,,,,,,,,,,,,,3,,,,,,35,29,28,2,,,32,5,,,,,,,,2,,,,,,,,,,,,,,,,,,,,1,,,,,,,,136
Georgia,,,,,,,,,,,,,,,,,,,,,,,,,,,,,,,,,,,,,,,,,,,,,,,,,,,,6,,,,,,,2,4,,,,,1,,,7,21
Germany (FRG),,,,,,85,1262,1820,2212,726,872,824,1284,2575,2822,2776,2546,889,818,1039,1357,2181,523,1240,1600,1502,1301,969,622,28,104,190,257,250,260,109,294,321,383,642,678,648,650,524,383,189,164,61,543,75,73,99,42,22,89,56,16,16,269,319,255,47,25,42,46,5,5,3,42025
Ghana,,,,,,,,,,,,,,1,,,,1,,,,,7,,,,,,,1,1,,,,,,,2,,,,,,,,,,,,,,8,,,,,,2,,,,2,2,,4,,,,32
Greece,95,398,307,86,79,107,92,354,447,286,254,82,330,98,527,486,202,241,69,233,100,303,166,191,418,681,971,440,504,314,245,207,41,99,86,56,87,31,110,762,766,349,1400,361,195,531,104,651,990,280,258,239,173,1526,828,102,20,253,10,924,151,19,6,9,61,92,22,50,20959
Guatemala,,6,,,2,8,6,,,,16,,1,7,8,5,,1,16,1,,45,1,1,10,28,7,,,,1,38,16,0,7,0,2,0,0,0,0,0,,13,4,4,,,,,,,,,,,,,,,,,,,,,,,256
Guinea,,,,,,,,,,,,,,,0,,,,,,,,,,,,,,,,,,,,,,,,,,,,,,,,,,,,,,,,,,,,,,,,,,,,,,0
Guyana,,,,,,,,,,,,,,,,,,,0,,,,,,,0,13,,,,,,,,,,,,,,,,,,,,,,,,,,,,,,,,,,,,,,,,,,13
Haiti,4,,3,,,0,6,,,,5,,,,2,,,,,2,,,,3,4,1,1,0,9,,,,1,0,,,,,,,,,,,,,,,,,,,,,,,,,,,,,,,,,,,40
Haiti rebels*,,,,,,,,,,,,,,,,,,,,7,,,,,,,,,,,,,,,,,,,,,,,,,,,,,,,,,,,,,,,,,,,,,,,,,7
Honduras,,1,2,,1,,9,1,20,1,,,14,,,1,5,,,2,,,,2,,31,6,11,,9,13,13,29,12,17,9,66,13,44,17,,,,,,,,,,,,,,,,,,,0,,,0,0,,,2,1,,352
Hungary,,,,,,,,,,,,,,,,,,,,,,,,,,,,,,,,,,,,,,,,,,,,,,,,,,,,,,,,,30,25,,4,18,4,,2,,,,,83
India,,1,67,,52,189,4,3,,,,102,1,94,,,,,2,1,1,2,2,1,1,1,1,,,,,,,,,,4,1,38,2,4,6,20,,8,,2,4,2,4,1,8,5,,,,84,89,5,2,54,203,139,986,1119,268,24,252,3855
Indonesia,0,0,0,6,0,1,,10,57,,174,184,15,3,2,1,7,1,1,1,20,86,5,46,71,,82,50,85,56,315,87,187,122,24,11,22,0,60,64,188,2,,4,4,4,19,23,8,24,4,4,4,8,4,4,11,17,14,,,0,35,85,150,82,94,243,2892
Indonesia rebels*,,,,,,,,,6,,,,,,,,,,,,,,,,,,,,,,,,,,,,,,,,,,,,,,,,,,,,,,,,,,,,,,,,,,,,6
Iran,4,6,0,1,75,110,121,53,129,105,10,107,110,137,141,182,437,179,775,1146,1078,1182,646,1359,2189,4067,3999,4452,2101,214,,,,,10,4,50,,,,,,,,,,,,,,,,,,,,,,,,,,,,,,,,25177
Iraq,,,,,,,27,4,4,,,,,,,,,,,,,,,,,,,,,,,,,27,,9,9,30,125,,,,,,,,,,,,,,,,6,43,55,150,281,311,343,397,340,255,285,791,898,506,4898
Ireland,,,,,,,,,,,,,,,,,,,,,,,,,,,,3,3,0,3,0,,,,,11,,,,,,,,4,,,,,,,,,,,,1,3,3,,,,,,,,,,29
Israel,2,1,2,6,0,1,3,10,2,13,,15,46,4,96,149,134,123,600,1210,770,1287,849,1899,1075,1403,1930,1099,1325,639,1208,1645,864,484,278,300,1178,1080,582,24,81,1212,1313,716,753,360,77,42,1273,691,102,115,323,104,839,1114,1110,809,663,134,41,59,107,65,121,252,529,515,35852
Italy,138,201,335,687,302,478,1112,890,415,417,320,225,478,857,1059,668,380,91,181,481,555,726,1347,763,786,735,434,241,415,452,322,101,172,234,204,128,137,126,128,75,94,141,126,166,144,91,149,267,6,,224,176,150,478,406,68,22,42,43,14,30,231,161,26,92,200,410,393,22143
Jamaica,,,,,,,,,,,,,,1,0,,,,,,,1,,13,7,4,1,,4,,,0,,,,5,3,,,4,,,,,,,,,10,5,,,,,,,,3,2,,1,,,,,0,0,,64
Japan,,,8,222,316,411,758,1047,1239,661,830,328,219,204,1799,1209,303,598,531,498,637,774,665,633,982,1653,1632,909,1020,944,1015,1287,1392,1618,1932,1847,1764,1854,1880,2152,2558,2854,2450,1997,978,1137,813,786,1443,1204,445,401,395,415,355,348,412,489,661,578,348,276,217,250,292,324,326,479,60999
Jordan,,,,,,,,,1,,,,,1,,15,72,70,28,121,119,49,55,35,54,319,321,461,590,276,357,150,224,101,233,177,,11,5,8,16,,,1,5,19,75,77,248,6,22,21,15,102,36,5,3,164,32,15,6,24,38,39,53,58,81,127,5139
Kazakhstan,,,,,,,,,,,,,,,,,,,,,,,,,,,,,,,,,,,,,,,,,,,,,,,,,,,,,,,19,,,6,3,3,,,3,,3,,3,3,43
Kenya,,,,,,,,,,,,,,,,,,,1,,0,,,2,,,,,148,3,25,60,24,,,6,,,,,4,4,,,,,,,,,,,,,,,,,,,,1,1,,,1,19,6,304
Kuwait,,,,,,,,,,,,,,,,,,,,,,58,,,2,4,16,321,327,7,19,,,141,64,76,31,6,,,5,41,896,664,18,396,1003,315,19,5,,,,21,,5,5,279,,1,37,36,22,52,681,311,165,55,6104
Laos,,,,,,,1,1,10,0,3,4,14,12,7,7,14,11,4,6,27,1,14,43,1,1,,,,,,,,,,,,,,,,,,,,,,,,,,,,,,,,,,,,,,,,,,,181
Latvia,,,,,,,,,,,,,,,,,,,,,,,,,,,,,,,,,,,,,,,,,,,,,,,,,,,,,,11,,,,,,11,14,,,,,,20,11,67
Lebanon,,,,,,,,,43,,,,13,13,,,,,,,,6,6,,,1,1,,,,3,2,16,59,67,43,,,,,,,,,18,42,27,9,7,4,4,,,,,1,,,,16,10,,31,21,5,36,27,56,584
Lesotho,,,,,,,,,,,,,,,,,,,,,,,,,,,,,,,,,,,,,,,,0,,,,,,,,,5,,,,,,,,,,,,,,,,,,,,5
Liberia,,,,,,,,,,1,,,,,2,,,18,,,,0,1,,,,2,,1,,,,,,,,2,,,,,,,,,,,,,,,,,,,,,,,,,,,,,,,,28
Libya,,,,,,,,,,0,,,,3,15,9,7,,40,40,224,,,,,3,,,0,,,,,,,,,,,,,,,,,,,,,,,,,,,,,,,,,,4,,,,,,345
Libya GNC,,,,,,,,,,,,,,,,,,,,,,,,,,,,,,,,,,,,,,,,,,,,,,,,,,,,,,,,,,,,,,,,,,,1,,1
Libya HoR,,,,,,,,,,,,,,,,,,,,,,,,,,,,,,,,,,,,,,,,,,,,,,,,,,,,,,,,,,,,,,,,,3,,,,3
Lithuania,,,,,,,,,,,,,,,,,,,,,,,,,,,,,,,,,,,,,,,,,,,,,,,,,,,,,,1,3,3,13,4,3,3,,,0,,,,1,1,32
Luxembourg,,,0,0,,,,,,,,,,,,,,,,,,,,,1,,,,,,,,1,,,,,,,,,,,,,,3,,,1,,,,1,,,,,,,,,,,,,,,7
Macedonia (FYROM),,,,,,,,,,,,,,,,,,,,,,,,,,,,,,,,,,,,,,,,,,,,,,,,,3,3,5,0,,,,,0,,,,,,,,,,,,12
Madagascar,,,,,,,,,,,,,,,,,,,,,,0,0,,,,,,,,,,,,,,,,,,,,,,,,,,,,,,,,,,,,,,,,,,,,,,0
Malawi,,,,,,,,,,,,,,,,,,,,,,,,,,,,,,,,,,,,,,,,,9,,,,,,,,,,,,,,,,,,,,,,,,,,,,9
Malaysia,,,,,,,,,,,,1,,,,,,,60,,,61,10,10,18,85,271,48,65,62,84,56,,21,4,128,93,,,,,29,,,51,181,,338,,11,,,9,31,10,2,14,14,,10,12,2,,0,10,4,10,4,1818
Mali,,,,,,,,,,,,,,,,,,,,2,,,,,,,,,,,,,,,,0,,,,,,,,,0,,,9,4,,,,,,,,,,,,,,,,,,,,15
Malta,,,,,,,,,,,,,,,,,,,,,,,,,,,,,,,,,,,,,,,,,,,,,,,,,,,,,,,,,,,,,,8,8,,,,,8,23
Marshall Islands,,,,,,,,,,,,,,,,,,,,,,,,,,,,,,,,,,,,,,,2,,,,,,,,,,,,,,,,,,,,,,,,,,,,,,2
Mauritania,,,,,,,,,,,,,,,,,,,,,,,,,,,,,,,,15,,,,,,,,,,,,,,,,,4,,,,,,,,,,,,,,,,2,,,,21
Mauritius,,,,,,,,,,,,,,,,,,,0,,,,,,,,,,,,,,,,,,,,,,,,,,,,,,,,,,,,,,,,,,,,,,,,1,,2
Mexico,,7,,6,,,,,16,2,6,26,107,60,34,,21,14,0,,82,44,9,151,13,25,8,23,51,,,70,244,3,,,12,116,77,54,26,18,6,150,54,,41,280,11,36,130,145,59,15,90,8,29,,20,27,28,90,49,47,33,204,230,150,3258
Micronesia,,,,,,,,,,,,,,,,,,,,,,,,,,,,,,,,,,,,,,,,2,2,,,,,,,,,,,,,,,,,,,,,,,,,,,,5
Morocco,,,,,,,,,,,,,22,,15,45,135,87,5,,,1,,,107,92,100,253,162,97,71,422,111,144,,,18,2,36,56,34,43,,86,117,,34,137,,8,4,,,,,,20,,,3,33,439,430,45,9,46,244,351,4064
Mujahedin (Afghanistan)*,,,,,,,,,,,,,,,,,,,,,,,,,,,,,,,,,,,1,1,16,40,8,0,,,,,,,,,,,,,,,,,,,,,,,,,,,,,67
Myanmar,,,,,,,,4,,16,,11,14,19,15,11,3,13,6,,,22,4,,,53,3,7,14,,17,,3,,,,,,,,,,,,,,,,,,,,,,,,,,,,,,,,,,,,234
Namibia,,,,,,,,,,,,,,,,,,,,,,,,,,,,,,,,,,,,,,,,,,,,,1,2,,,,,,,,,,,,,,,,,5,,,,,,8
NATO**,,,,,,,,,,,,,,,,,,,,,,,,,,,,,,,,,1250,1250,1250,750,,,,,,,,,,,,,,,,,,,,,,,,420,,,,,,,,,4920
Nepal,,,,,,,,,,,,,,,,,,,,,,,,,,,,,,,,,,,,,,,,1,,,,,,,,,,,,,,,,,,,,,,,,,,,,,1
Netherlands,58,331,268,508,434,219,432,309,203,57,207,183,281,552,810,703,166,87,129,236,303,297,316,21,40,67,217,444,548,543,510,662,893,978,848,556,427,595,361,667,269,283,201,81,142,37,99,61,254,243,122,178,202,45,95,55,237,28,12,88,38,13,148,130,1,11,43,22,18598
New Zealand,,,,,,,,,,,4,,8,,,1,239,4,56,,168,8,6,6,6,6,3,,,,,31,,5,5,7,22,,2,15,12,6,9,,,7,7,45,13,40,,45,15,48,33,,0,1,2,,,,,,55,81,,,1022
Nicaragua,,,,3,13,5,1,,6,,2,8,6,8,0,0,2,,,,,5,5,5,,,7,,13,,,,,,,,,,,,,,,,,,,,,,,,,,,,,,,,,,,,,,,,90
Niger,,,,,,,,,,,,,,,,,,,,0,,,,,,,,,,56,,,,,,,,,,,,,,,,,,,,,,,,,,,,,,,,,,2,,9,,,67
Nigeria,,,,,,,,,,,,,,,,,,,,,,4,,2,1,84,84,,8,,3,13,6,4,13,102,5,1,1,0,0,0,4,5,4,2,2,1,,,,,4,12,,,,,,,,54,,,63,7,10,5,504
North Korea,,,,,,,,,,,,,,,,,,,,,,,,,,,,,,,,,,31,31,,,,,,,,,,,,,,,,,,,,,,,,,,,,,,,,,,61
North Yemen,0,,4,,,,,,,,,,,,,,,,,,,,,,,,,,14,415,,,,,,,,,,,,,,,,,,,,,,,,,,,,,,,,,,,,,,,433
Norway,18,69,368,412,19,160,194,137,142,108,143,101,44,221,60,55,369,388,265,518,59,,,14,1,49,23,25,17,32,237,377,388,383,204,33,19,140,155,382,45,15,15,28,15,42,108,102,73,84,75,62,8,14,5,3,65,71,119,107,85,81,68,26,1,123,123,330,8222
Oman,,,,,,,,,,,,,,,,,2,,,,,1,,0,,34,,,,,,39,41,59,10,,27,,,,36,,,6,16,10,27,5,12,,,1,6,4,13,148,284,16,71,2,2,,38,35,468,,127,87,1626
Pakistan,36,,0,,53,135,155,242,168,323,42,69,88,198,81,16,6,,11,,,,0,31,95,51,24,24,200,46,194,36,93,254,479,549,134,97,79,608,55,28,25,26,25,25,188,135,25,8,11,15,44,24,74,171,109,395,303,146,1027,269,276,151,198,73,39,21,8503
Palau,,,,,,,,,,,,,,,,,,,,,,,,,,,,,,,,,,,,,,,,,2,,,,,,,,,,,,,,,,,,,,,,,,,,,,2
Panama,,,,,,,,,,,,,,,0,,,,0,3,2,18,2,14,,23,6,4,2,,,,5,6,0,7,,,2,,,,2,,,,0,6,,,,,,,,,,,,5,,,15,,,,,,123
Papua New Guinea,,,,,,,,,,,,,,,,,,,,,,,,,,,,,,,,,1,,1,,,,,,,2,2,,,,,,,,,,,,,,,,,,,,,,,,,,5
Paraguay,5,,1,1,,0,,,,,8,,5,0,4,1,1,5,1,,0,1,1,0,,0,2,,1,,,2,,,,,,,,,,,,,,,,,,,,,,,,,,,,,,1,1,0,,,,,44
Peru,,,76,,111,26,42,89,30,37,68,96,14,20,6,33,43,4,3,3,23,3,19,46,47,213,188,44,43,39,58,23,,67,34,59,11,39,109,,,15,12,3,,,26,4,12,1,,1,14,22,47,25,22,,,2,5,2,5,8,,11,1,3,2003
Philippines,,2,1,32,2,36,42,45,24,24,51,45,11,4,2,97,86,41,15,26,9,90,52,110,12,105,237,137,145,46,63,10,3,111,39,23,,26,12,,11,13,42,45,43,4,2,14,31,,,9,5,3,20,12,13,13,10,0,,60,6,55,12,46,82,23,2388
Poland,,,,,,,,,,,,,,,,,,,,,,,,,,,,,,,,,,,,,,,,,,1,,,,1,,,,,122,8,138,14,5,11,346,850,481,87,41,16,16,,1,4,6,46,2193
Portugal,10,13,116,284,192,138,64,96,90,6,13,28,1,27,32,27,60,69,69,5,17,9,,,6,6,,94,119,2,12,44,136,,103,141,3,9,90,126,21,179,5,91,438,15,7,0,6,,2,18,,29,57,33,43,58,88,90,89,89,29,,1,,1,,3643
Qatar,,,,,,,,,,,,,,,,,,,,,,,,,,,,,,,,,,,,,,,,,,,,,,,,0,1,0,,,,,,,,,,280,,150,280,,,385,595,496,2187
Regional Security System**,,,,,,,,,,,,,,,,,,,,,,,,,,,,,,,,,,,,,,,,,,,,,,,,,,14,,,,,,,,,,,,,,,,,,,14
Romania,,,,,,,,,,,,,,,,,,,,,,,,,,,,,,,,,,,,,,,,,,,,,,,18,18,44,14,3,1,,,,14,3,22,2,32,61,42,3,3,0,3,14,33,331
Rwanda,,,,,,,,,,,,,,,,0,,,,,,,,,,,,,,,,,,,,,,,,,,,,,,,,,,,,,,,,,,,,,,,,,,,,,0
Saint Kitts and Nevis,,,,,,,,,,,,,,,,,,,,,,,,,,,,,,,,,,,,6,,,,,,,,,,,,,,,,,,,,,,,,,,,,,,,,,6
Saint Vincent,,,,,,,,,,,,,,,,,,,,,,,,,,,,,,,,,,,,,,4,,,,,,,,,,,,,,,,,,,,,,,,,,,,,,,4
Saudi Arabia,,,6,1,2,16,9,50,36,6,17,12,22,,,48,141,171,164,,,,80,157,375,379,387,762,836,501,640,1310,1871,1630,588,350,1437,1009,152,172,1049,397,888,2017,884,888,1407,1724,2212,1512,3,33,89,117,324,153,172,150,248,244,358,397,394,607,1411,1759,1796,3425,37995
Senegal,,,,,,,,,,,,,,0,,,,,,,,,,,,,,,,,,,,,,,,,,,,,,,,,,,,,,,,,,,,,,,,2,,,,,2,2,6
Serbia,,,,,,,,,,,,,,,,,,,,,,,,,,,,,,,,,,,,,,,,,,,,,,,,,,,,,,,,,,,,,,,0,,,,,,0
Seychelles,,,,,,,,,,,,,,,,,,,,,,,,,,,,,,,,,,2,,,,,,,0,,,,,,,,,,,,,,,,,,,,,,,1,,,,,3
Sierra Leone,,,,,,,,,,,,,,,,,,,,,,,,1,,,,,0,,,,,,,,,,,,,,,,,,,,,,,,,,,,,,,,,,,,,,,,1
Singapore,,,,,,,,,,,,,,,,,,,,6,44,41,8,38,128,156,186,116,50,292,337,93,92,172,72,63,,207,524,236,188,40,9,82,12,16,63,448,604,194,531,61,212,51,366,534,34,11,28,760,717,482,456,670,24,75,624,116,10266
Slovakia,,,,,,,,,,,,,,,,,,,,,,,,,,,,,,,,,,,,,,,,,,,,,,,,,,,,,,,,,,,,,,,,,,,,18,18
Slovenia,,,,,,,,,,,,,,,,,,,,,,,,,,,,,,,,,,,,,,,,,,,10,22,11,15,,,,,,0,,,,,,,,,,,,,1,,,,59
Somalia,,,,,,,,,,,,,,,,,,,,,,,,,,,,,,,,3,28,9,9,42,15,,,,,,,,,,,,,,,,,,,,,,,,,,,1,,,,,107
South Africa,,73,92,,,,10,,,1,,,5,166,5,5,15,1,1,0,,,20,20,,,14,,,,,,,,,,11,2,,,,,,,,,,9,,18,,,,,,,14,30,11,9,13,16,9,,,,,,569
South Korea,141,256,266,255,158,346,412,236,212,284,248,254,131,203,266,623,564,125,345,494,76,240,368,253,446,631,549,1176,364,1339,884,859,649,436,479,646,749,721,1132,1602,986,784,682,599,698,1732,1624,888,1182,1199,935,463,268,593,873,619,1359,1234,1121,209,1220,1490,979,107,346,188,614,456,42867
South Sudan,,,,,,,,,,,,,,,,,,,,,,,,,,,,,,,,,,,,,,,,,,,,,,,,,,,,,,,,,,,,,,,0,2,,,,,2
South Vietnam,,,,,0,6,45,8,15,20,41,111,165,131,80,143,182,253,270,553,640,955,2132,623,346,,,,,,,,,,,,,,,,,,,,,,,,,,,,,,,,,,,,,,,,,,,,6717
Spain,1,,,20,76,178,244,252,126,281,181,80,46,4,32,344,211,250,106,148,206,409,565,769,471,617,484,56,243,241,167,230,176,92,73,114,873,984,1715,575,573,79,158,244,678,219,267,133,21,219,166,70,220,186,164,5,81,22,18,50,7,40,116,64,40,28,2,10,15517
Sri Lanka,,,,,,,,,,,,,,,0,,,,,2,,3,2,,,,0,,,,0,,,,9,39,20,15,,,15,,,,,,,36,6,,10,,9,3,13,,,2,,,,10,,,,,,,193
Sudan,,,,,,,,,,,,,,,,3,4,,,,,,,,,,,,168,,,38,72,3,34,,,2,2,,,,,,,,,,,,,,,,,,,,,,,,,,,,,,327
Suriname,,,,,,,,,,,,,,,,,,,,,,,,,,,,,,,,,,,,,,,,,,,,,,,,,,3,,,,,,,,,,,,,0,,,,,,3
Sweden,,7,15,,,,,,11,14,20,1,13,51,57,32,25,77,95,70,35,10,70,75,75,103,75,100,105,86,78,207,45,122,33,37,85,102,49,51,42,31,15,17,26,53,52,69,150,65,68,33,26,26,26,58,56,24,9,2,,150,185,16,1,2,9,5,3245
Switzerland,,,1,,,,0,2,,,,,,17,78,81,81,31,43,20,62,84,59,34,9,66,66,,209,209,264,285,125,242,213,150,,11,36,19,13,141,20,41,114,93,187,377,431,502,4,4,3,,18,,,2,1,2,30,16,5,2,1,1,61,31,4591
Syria,2,,,,8,,,,,,,,,,,,,,,,,,,,,,,,,,,,,,,,,,,,,,,,,,,,,,,,,,,,,,,,,,,,,,,,11
Syria rebels*,,,,,,,,,,,,,,,,,,,,,,,,,,,,,,,,,,,,,,,,,,,,,,,,,,,,,,,,,,,,,,,,,,,,1,1
Taiwan,,98,304,383,300,590,256,352,721,979,428,108,137,320,347,464,321,473,295,568,580,347,245,329,366,340,480,802,784,546,478,681,690,619,323,538,658,111,193,196,226,511,399,1118,843,1308,815,2958,2241,1702,553,345,298,111,314,642,504,12,11,,37,138,424,549,1071,630,97,493,35095
Tanzania,,,,,,,,,,,,,,,,,,,,,1,2,1,1,1,,,,,,,2,,,,,,,,1,,,,,,,,,,,,,,,,,,,,,,,,,,,,,7
Thailand,22,85,57,42,23,34,10,90,15,10,28,57,111,103,83,89,109,151,56,132,213,227,199,233,88,32,31,46,279,46,206,264,37,88,108,109,107,217,361,181,208,282,32,135,208,154,449,386,36,45,25,13,146,126,37,17,5,,,4,1,50,21,54,32,27,46,27,6942
Togo,,,,,,,,,,,,,,,,,,,,,,,,,,,,,,,,,,,,,1,,,,,,,,3,3,,,,,,,,,,,,,,,,,,,,,,,7
Tonga,,,,,,,,,,,,,,,,,,,,,,,,,,,,,,,,,,,,,,,,,,,,,,,0,,,,,,,,,,,,,,,,,,,,,,0
Trinidad and Tobago,,,,,,,,,,,,,,,,,0,,,,,,,,,,,,,,1,6,,,,,,0,,,,,,,,,,,,,3,0,2,,,,,6,,,,12,12,,,,,,42
Tunisia,,,,,,,,,,,5,,,,,6,,,11,17,,,4,22,8,,10,,10,44,23,14,20,76,108,84,,56,17,48,,,8,,,18,23,25,18,10,,,83,1,,,2,,3,,7,7,,38,39,7,13,93,977
Turkey,104,124,317,508,397,254,198,473,514,624,579,312,241,542,681,369,234,369,291,540,239,501,608,722,724,843,231,196,739,749,185,231,141,74,93,274,144,827,522,617,856,917,1680,1929,1359,713,631,1160,1617,1130,520,138,448,232,129,272,5,25,49,21,11,333,1009,363,1109,320,201,94,33601
UAE,,,,,,,,,,,,,,,,,,,,,,0,1,5,7,56,,13,,,,101,,29,61,5,99,158,22,6,6,,,92,213,26,154,6,21,15,15,19,18,36,381,1260,996,472,677,394,153,863,923,1063,542,814,779,499,10998
Uganda,,,,,,,,,,,,,,,,,0,,,3,,3,17,,,,,,,,,,14,,,,,,,,,,,,,,,,,,,,,,,,,,,,,,,,,4,,16,57
Ukraine,,,,,,,,,,,,,,,,,,,,,,,,,,,,,,,,,,,,,,,,,,,,,,,,,,,,,,,,,,,,,,,,,,4,,,4
UNITA (Angola)*,,,,,,,,,,,,,,,,,,,,,,,,,,,,,,,,,,,,,12,13,,1,,,,,,,,,,,,,,,,,,,,,,,,,,,,,26
United Kingdom,105,246,531,1586,507,185,126,74,539,543,29,23,25,126,87,105,161,1376,2246,2483,,111,155,162,162,161,75,124,133,142,430,758,703,243,588,272,163,121,142,95,75,831,1084,771,413,492,490,484,514,98,814,1253,381,439,171,15,109,302,419,270,311,201,390,331,191,373,217,698,27977
United Nations**,,,,,,,,,,,13,,,,,,,,,,,,,,,,,,,,,,,,,,,,,,,,,6,,,,,,,,,,,,,,,,,,,,,3,0,,,22
Unknown recipient(s),,,,,,,,,,,,8,8,8,8,8,8,8,8,8,8,,,,,,,,,,28,83,83,83,83,83,83,83,83,39,,11,11,14,,3,3,,4,,,,,,,,,,,,3,,,,0,0,,,854
Uruguay,68,3,38,3,1,1,18,19,3,,17,0,,0,2,8,6,,10,12,9,16,24,6,5,,40,2,,2,10,11,9,,,,,,16,5,5,7,,18,9,,,,12,,,,,,,,,,,,,,,,,,,,417
Uzbekistan,,,,,,,,,,,,,,,,,,,,,,,,,,,,,,,,,,,,,,,,,,,,,,,,,,,,,,,,,,,,,,,,,,35,,,35
Venezuela,,,20,1,13,23,52,135,26,7,86,,32,19,0,,13,4,,7,11,129,111,203,8,78,7,44,55,8,21,59,69,137,28,395,15,,66,1,1,71,,,1,,2,,,20,,5,11,15,,,,,,,,,,,,6,,,2013
Viet Nam,,,,,,,,,,,,,,,,,,,,,,,,,,,,,,,,,,,,,,,,,,,,,,,,,,,,,,,,,,,,,,,,,,,,54,54
Yemen,,,,,,,,,,,,,,,,,,,,,,,,,,,,,,,,,,,,,,,,,,,,,,,,,,,,,,,,,3,,5,,,12,,4,,11,,,36
Yugoslavia,,63,374,525,531,334,246,331,112,177,171,61,,,,,,,,,,,,,,3,3,,,,,,,30,46,,,,,,,,,,,,,,,,,,,,,,,,,,,,,,,,,,3007
Zimbabwe,,,,,,,,,,,,,,,,,,1,,,,,,,,,,,,,,,,,,,,,,,,,,0,,,,,,,,,,,,,,,,,,,,,,,,,1
Total,1742,4737,6414,8907,5939,6591,8382,8747,9686,7531,6055,6338,5964,8944,12235,11155,8404,7256,8447,11762,9007,11723,10787,12025,12251,16157,15738,14431,14068,9719,10730,13611,14015,13939,11887,10801,11683,12258,11884,11344,10732,12515,14132,13847,11523,11216,10891,14552,15728,11568,7605,5693,4967,5670,6850,6777,7512,7866,6828,6912,8063,9087,9122,7660,9656,10048,10304,12394,673017
